CREATE TABLE RESTO_PART (  `ID` int PRIMARY KEY NOT NULL AUTO_INCREMENT, `Name` nvarchar(50) NOT NULL);
alter table RESTO_PART AUTO_INCREMENT=8;
CREATE TABLE `RESTO_TYPE` (  `ID` int PRIMARY KEY NOT NULL AUTO_INCREMENT, `RestoPartID` int NOT NULL, `Name` nvarchar(100) NOT NULL, `UnitPrice` DECIMAL(15,2) NOT NULL, `UseGoldID` int DEFAULT 0 NOT NULL, `IsPrint` bit DEFAULT 1 NOT NULL, `TypeIndex` int DEFAULT 0 NOT NULL);
alter table RESTO_TYPE AUTO_INCREMENT=67;
CREATE TABLE `RESTO_MATERIAL` (  `ID` int PRIMARY KEY NOT NULL AUTO_INCREMENT, `MaterialName` nvarchar(100) NOT NULL, `UnitType` nvarchar(50) NOT NULL, `Note` nvarchar(50) NOT NULL);
alter table RESTO_MATERIAL AUTO_INCREMENT=14;
CREATE TABLE `PRODUCT_AUTH` (  `Type` nvarchar(100) NOT NULL, `DataVersion` int DEFAULT 1 NOT NULL, `ExpiredDate` datetime NOT NULL);
CREATE TABLE `LAB_MEMBER` (  `ID` int PRIMARY KEY NOT NULL AUTO_INCREMENT, `Name` nvarchar(20) NOT NULL, `Birthday` datetime NOT NULL, `SunCalendar` bit NOT NULL, `Gender` bit NOT NULL, `Phone` nvarchar(20) NOT NULL, `CellPhone` nvarchar(20) NOT NULL, `Email` nvarchar(50) NOT NULL, `ZipCode` nvarchar(20) NOT NULL, `Address` nvarchar(80) NOT NULL, `JoinDate` datetime NOT NULL, `JobPosition` nvarchar(20) NOT NULL, `Note` text NOT NULL, `RestoPartID` int NOT NULL);
alter table LAB_MEMBER AUTO_INCREMENT=8;
CREATE TABLE `GOLD` (  `ID` int PRIMARY KEY NOT NULL AUTO_INCREMENT, `Name` nvarchar(50) NOT NULL);
alter table GOLD AUTO_INCREMENT=4;
CREATE TABLE `LAB_GOLD` (  `ID` int PRIMARY KEY NOT NULL AUTO_INCREMENT, `GoldID` int NOT NULL, `UnitPrice` DECIMAL(15,2) NOT NULL, `TotalAmount` real NOT NULL, `UseAmount` real NOT NULL, `ExhaustAmount` real NOT NULL);
alter table LAB_GOLD AUTO_INCREMENT=4;
CREATE TABLE `DENTAL_LAB` (  `ID` int PRIMARY KEY NOT NULL AUTO_INCREMENT, `LabName` nvarchar(50) NOT NULL, `Name` nvarchar(100) NOT NULL, `Phone` nvarchar(20) NOT NULL, `Fax` nvarchar(20) NOT NULL, `CellPhone` nvarchar(20) NOT NULL, `Email` nvarchar(50) NOT NULL, `RegNum` nvarchar(20) NOT NULL, `BizCondition` nvarchar(50) NOT NULL, `BizCompany` nvarchar(50) NOT NULL, `ZipCode` nvarchar(20) NOT NULL, `Address` nvarchar(80) NOT NULL, `BankName1` nvarchar(20) NOT NULL, `BankAccount1` nvarchar(20) NOT NULL, `BankName2` nvarchar(20) NOT NULL, `BankAccount2` nvarchar(20) NOT NULL, `BankName3` nvarchar(20) NOT NULL, `BankAccount3` nvarchar(20) NOT NULL, `DefaultAccount` tinyint DEFAULT 0 NOT NULL, `Note` text NOT NULL);
alter table DENTAL_LAB AUTO_INCREMENT=2;
CREATE TABLE `DB_INFO` (  `ID` int PRIMARY KEY NOT NULL AUTO_INCREMENT, `BeginDate` datetime NOT NULL, `EndDate` datetime NOT NULL, `Note` text NOT NULL, `FileName` nvarchar(260) NOT NULL, `OriginFilePath` nvarchar(260) NOT NULL);
alter table DB_INFO AUTO_INCREMENT=2;
CREATE TABLE `CUSTOMER` (  `ID` int PRIMARY KEY NOT NULL AUTO_INCREMENT, `Type` tinyint NOT NULL, `CompanyName` nvarchar(50) NOT NULL, `Name` nvarchar(100) NOT NULL, `Phone` nvarchar(20) NOT NULL, `Fax` nvarchar(20) NOT NULL, `CellPhone` nvarchar(20) NOT NULL, `RegNum` nvarchar(50) NOT NULL, `BizCondition` nvarchar(50) NOT NULL, `BizCompany` nvarchar(50) NOT NULL, `ZipCode` nvarchar(50) NOT NULL, `Address` nvarchar(80) NOT NULL, `Note` text NOT NULL, `UnpaidMoney` DECIMAL(15,2) DEFAULT 0 NOT NULL, `SalesMoney` DECIMAL(15,2) DEFAULT 0 NOT NULL, `DiscountMoney` DECIMAL(15,2) DEFAULT 0 NOT NULL, `CollectMoney` DECIMAL(15,2) DEFAULT 0 NOT NULL, `PayableMoney` DECIMAL(15,2) DEFAULT 0 NOT NULL, `PurchaseMoney` DECIMAL(15,2) DEFAULT 0 NOT NULL, `PaidMoney` DECIMAL(15,2) DEFAULT 0 NOT NULL);
alter table CUSTOMER AUTO_INCREMENT=2;
CREATE TABLE `TAX_BILL` (  `ID` int PRIMARY KEY NOT NULL AUTO_INCREMENT , `CustID` int NOT NULL, `PublishDate` datetime NOT NULL, `FirstDate` datetime NOT NULL, `LastDate` datetime NOT NULL, `UnpaidPrice` DECIMAL(15,2) DEFAULT 0 NOT NULL, `PayPrice` DECIMAL(15,2) DEFAULT 0 NOT NULL, `Note` text NOT NULL);
alter table TAX_BILL AUTO_INCREMENT=1;
CREATE TABLE `SALES_PURCHASE_MONTHLY` (  `CustID` int NOT NULL, `YearMonth` datetime NOT NULL, `SalesMoney` DECIMAL(15,2) DEFAULT 0 NOT NULL, `DiscountMoney` DECIMAL(15,2) DEFAULT 0 NOT NULL, `CollectMoney` DECIMAL(15,2) DEFAULT 0 NOT NULL, `PurchaseMoney` DECIMAL(15,2) DEFAULT 0 NOT NULL, `PaidMoney` DECIMAL(15,2) DEFAULT 0 NOT NULL);
CREATE TABLE `RESTO_MATERIAL_PURCHASE` (  `ID` int PRIMARY KEY NOT NULL AUTO_INCREMENT, `PurchaseDate` datetime NOT NULL, `CustID` int NOT NULL, `MaterialID` int NOT NULL, `UnitPrice` DECIMAL(15,2) NOT NULL, `Amount` real NOT NULL);
alter table RESTO_MATERIAL_PURCHASE AUTO_INCREMENT=1;
CREATE TABLE `RESTO_BILL` (  `ID` int PRIMARY KEY NOT NULL AUTO_INCREMENT, `CustID` int NOT NULL, `PublishDate` datetime NOT NULL, `FirstDate` datetime NOT NULL, `LastDate` datetime NOT NULL, `UnpaidPrice` DECIMAL(15,2) DEFAULT 0 NOT NULL, `RestoPrice` DECIMAL(15,2) DEFAULT 0 NOT NULL, `GoldPrice` DECIMAL(15,2) DEFAULT 0 NOT NULL, `DiscountPercent` int DEFAULT 100 NOT NULL, `RoundedPrice` DECIMAL(15,2) DEFAULT 0 NOT NULL, `ChargePrice` DECIMAL(15,2) DEFAULT 0 NOT NULL, `PayPrice` DECIMAL(15,2) DEFAULT 0 NOT NULL, `PayDate` datetime NOT NULL, `ChargeType` tinyint DEFAULT 0 NOT NULL, `ChargeBasePrice` DECIMAL(15,2) DEFAULT 0 NOT NULL, `ChargeAddPrice` DECIMAL(15,2) DEFAULT 0 NOT NULL, `IsSeparateAccount` bit DEFAULT 1 NOT NULL, `Note` text NOT NULL, `RespectedPayDate` datetime NOT NULL);
alter table RESTO_BILL AUTO_INCREMENT=1;
CREATE TABLE `RECEPTION` (  `ID` int PRIMARY KEY NOT NULL AUTO_INCREMENT, `CustID` int NOT NULL, `ReceDate` datetime NOT NULL, `DueDate` datetime NOT NULL, `DueHour` tinyint NOT NULL, `Remake` bit NOT NULL, `PatientName` nvarchar(50) NOT NULL, `PatientName_div` VARCHAR(50) NOT NULL, `PatientGender` bit NOT NULL, `PatientAge` tinyint NOT NULL, `WorkState` int DEFAULT 0 NOT NULL, `RestoBillID` int DEFAULT 0 NOT NULL, `Note` text NOT NULL);
alter table RECEPTION AUTO_INCREMENT=1;
CREATE TABLE `RESTO_WORK` (  `ID` int PRIMARY KEY NOT NULL AUTO_INCREMENT, `ReceID` int NOT NULL, `MemberID` int NOT NULL, `GoldID` int DEFAULT 0 NOT NULL, `RestoID` int NOT NULL, `GoldPrice` DECIMAL(15,2) NOT NULL, `RestoPrice` DECIMAL(15,2) NOT NULL, `RestoCount` int DEFAULT 1 NOT NULL, `ToothNum` nchar(62) NOT NULL, `GoldUseLabAmount` real NOT NULL, `GoldExhaustLabAmount` real NOT NULL, `GoldReceiveDentAmount` real NOT NULL, `GoldUseDentAmount` real NOT NULL, `GoldExhaustDentAmount` real NOT NULL, `GoldReturnDentAmount` real DEFAULT 0 NOT NULL);
alter table RESTO_WORK AUTO_INCREMENT=1;
CREATE TABLE `RECEPTION_FILE` (  `ID` int PRIMARY KEY NOT NULL AUTO_INCREMENT, `ReceID` int NOT NULL, `FileName` nvarchar(260) NULL, `FilePath` nvarchar(260) NOT NULL, `FileDescript` nvarchar(260) NOT NULL);
alter table RECEPTION_FILE AUTO_INCREMENT=1;
CREATE TABLE `GOLD_PURCHASE` (  `ID` int PRIMARY KEY NOT NULL AUTO_INCREMENT, `PurchaseDate` datetime NOT NULL, `CustID` int NOT NULL, `GoldID` int NOT NULL, `UnitPrice` DECIMAL(15,2) NOT NULL, `Amount` real NOT NULL);
alter table GOLD_PURCHASE AUTO_INCREMENT=1;
CREATE TABLE `DENTIST_RESTO` (  `RestoID` int NOT NULL, `CustID` int NOT NULL, `UnitPrice` DECIMAL(15,2) NOT NULL);
CREATE TABLE `DENTIST_GOLD_STOCK` (  `ID` int PRIMARY KEY NOT NULL AUTO_INCREMENT, `CustID` int NOT NULL, `GoldID` int NOT NULL, `ReceiveDate` datetime NOT NULL, `ReceiveAmount` real DEFAULT 0 NOT NULL, `Note` nvarchar(200) DEFAULT NULL NULL);
alter table DENTIST_GOLD_STOCK AUTO_INCREMENT=1;
CREATE TABLE `DENTIST_GOLD` (  `ID` int PRIMARY KEY NOT NULL AUTO_INCREMENT, `CustID` int NOT NULL, `GoldID` int NOT NULL, `UnitPrice` DECIMAL(15,2) DEFAULT 0 NOT NULL, `ReceiveAmount` real DEFAULT 0 NOT NULL, `UseAmount` real DEFAULT 0 NOT NULL, `ExhaustAmount` real DEFAULT 0 NOT NULL, `ReturnAmount` real DEFAULT 0 NOT NULL);
alter table DENTIST_GOLD AUTO_INCREMENT=1;
CREATE TABLE `AUTH_GROUP` (  `Name` nvarchar(50) PRIMARY KEY NOT NULL);
CREATE TABLE `LOG_INFO` (  `ID` nvarchar(50) PRIMARY KEY NOT NULL, `Password` nvarchar(50) NOT NULL, `Group` nvarchar(50) NOT NULL);
CREATE TABLE `AUTH_ENABLE` (  `Name` nvarchar(50)  NOT NULL, `Group` nvarchar(50) NOT NULL, `Enable` bit DEFAULT 1 NOT NULL);
CREATE TABLE `ACCOUNT_PART` (  `ID` int PRIMARY KEY NOT NULL AUTO_INCREMENT, `Name` nvarchar(50) NOT NULL, `Withdraw` bit NOT NULL);
alter table ACCOUNT_PART AUTO_INCREMENT=8;
CREATE TABLE `ACCOUNT_TYPE` (  `ID` int PRIMARY KEY NOT NULL AUTO_INCREMENT, `PartID` int NOT NULL, `Name` nvarchar(50) NULL);
alter table ACCOUNT_TYPE AUTO_INCREMENT=35;
CREATE TABLE `ACCOUNT_MONEY` (  `ID` int PRIMARY KEY NOT NULL AUTO_INCREMENT, `CategoryID` int NOT NULL, `RegDate` datetime NOT NULL, `Content` nvarchar(100) NOT NULL, `Amount` DECIMAL(15,2) NOT NULL, `Withdraw` bit DEFAULT 1 NOT NULL);
alter table `ACCOUNT_MONEY` AUTO_INCREMENT=1;
INSERT INTO `RESTO_PART` (`ID`,`Name`) VALUES (1,N'Crown Bridge');
INSERT INTO `RESTO_PART` (`ID`,`Name`) VALUES (2,N'Inaly');
INSERT INTO `RESTO_PART` (`ID`,`Name`) VALUES (3,N'Porcelain');
INSERT INTO `RESTO_PART` (`ID`,`Name`) VALUES (4,N'Partial Denture');
INSERT INTO `RESTO_PART` (`ID`,`Name`) VALUES (5,N'Full Denture');
INSERT INTO `RESTO_PART` (`ID`,`Name`) VALUES (6,N'Orthodontic');
INSERT INTO `RESTO_PART` (`ID`,`Name`) VALUES (7,N'Others');
INSERT INTO `RESTO_TYPE` (`ID`,`RestoPartID`,`Name`,`UnitPrice`,`UseGoldID`,`IsPrint`,`TypeIndex`) VALUES (3,1,N'Coping',1,0,1,0);
INSERT INTO `RESTO_TYPE` (`ID`,`RestoPartID`,`Name`,`UnitPrice`,`UseGoldID`,`IsPrint`,`TypeIndex`) VALUES (4,1,N'Crown(A)',1,0,1,0);
INSERT INTO `RESTO_TYPE` (`ID`,`RestoPartID`,`Name`,`UnitPrice`,`UseGoldID`,`IsPrint`,`TypeIndex`) VALUES (5,1,N'Crown(B)',1,0,1,0);
INSERT INTO `RESTO_TYPE` (`ID`,`RestoPartID`,`Name`,`UnitPrice`,`UseGoldID`,`IsPrint`,`TypeIndex`) VALUES (6,1,N'Inlay',1,0,1,0);
INSERT INTO `RESTO_TYPE` (`ID`,`RestoPartID`,`Name`,`UnitPrice`,`UseGoldID`,`IsPrint`,`TypeIndex`) VALUES (7,1,N'Metal Crown',1,0,1,0);
INSERT INTO `RESTO_TYPE` (`ID`,`RestoPartID`,`Name`,`UnitPrice`,`UseGoldID`,`IsPrint`,`TypeIndex`) VALUES (8,1,N'Onlay',1,0,1,0);
INSERT INTO `RESTO_TYPE` (`ID`,`RestoPartID`,`Name`,`UnitPrice`,`UseGoldID`,`IsPrint`,`TypeIndex`) VALUES (9,1,N'Pala Post',1,0,1,0);
INSERT INTO `RESTO_TYPE` (`ID`,`RestoPartID`,`Name`,`UnitPrice`,`UseGoldID`,`IsPrint`,`TypeIndex`) VALUES (10,1,N'PT-Inlay',1,0,1,0);
INSERT INTO `RESTO_TYPE` (`ID`,`RestoPartID`,`Name`,`UnitPrice`,`UseGoldID`,`IsPrint`,`TypeIndex`) VALUES (11,1,N'Resin Crown',1,0,1,0);
INSERT INTO `RESTO_TYPE` (`ID`,`RestoPartID`,`Name`,`UnitPrice`,`UseGoldID`,`IsPrint`,`TypeIndex`) VALUES (12,1,N'Resin Inlay',1,0,1,0);
INSERT INTO `RESTO_TYPE` (`ID`,`RestoPartID`,`Name`,`UnitPrice`,`UseGoldID`,`IsPrint`,`TypeIndex`) VALUES (13,1,N'SM',1,0,1,0);
INSERT INTO `RESTO_TYPE` (`ID`,`RestoPartID`,`Name`,`UnitPrice`,`UseGoldID`,`IsPrint`,`TypeIndex`) VALUES (14,1,N'SP/ SS',1,0,1,0);
INSERT INTO `RESTO_TYPE` (`ID`,`RestoPartID`,`Name`,`UnitPrice`,`UseGoldID`,`IsPrint`,`TypeIndex`) VALUES (15,2,N'All Ceramic',1,0,1,0);
INSERT INTO `RESTO_TYPE` (`ID`,`RestoPartID`,`Name`,`UnitPrice`,`UseGoldID`,`IsPrint`,`TypeIndex`) VALUES (16,2,N'Laminate',1,0,1,0);
INSERT INTO `RESTO_TYPE` (`ID`,`RestoPartID`,`Name`,`UnitPrice`,`UseGoldID`,`IsPrint`,`TypeIndex`) VALUES (17,2,N'PFG',1,0,1,0);
INSERT INTO `RESTO_TYPE` (`ID`,`RestoPartID`,`Name`,`UnitPrice`,`UseGoldID`,`IsPrint`,`TypeIndex`) VALUES (18,2,N'PFG-Collarless',1,0,1,0);
INSERT INTO `RESTO_TYPE` (`ID`,`RestoPartID`,`Name`,`UnitPrice`,`UseGoldID`,`IsPrint`,`TypeIndex`) VALUES (19,2,N'PFM',1,0,1,0);
INSERT INTO `RESTO_TYPE` (`ID`,`RestoPartID`,`Name`,`UnitPrice`,`UseGoldID`,`IsPrint`,`TypeIndex`) VALUES (20,2,N'PFM-Collarless',1,0,1,0);
INSERT INTO `RESTO_TYPE` (`ID`,`RestoPartID`,`Name`,`UnitPrice`,`UseGoldID`,`IsPrint`,`TypeIndex`) VALUES (21,2,N'Porcelain Crown',1,0,1,0);
INSERT INTO `RESTO_TYPE` (`ID`,`RestoPartID`,`Name`,`UnitPrice`,`UseGoldID`,`IsPrint`,`TypeIndex`) VALUES (22,3,N'Bar-Attachment',1,0,1,0);
INSERT INTO `RESTO_TYPE` (`ID`,`RestoPartID`,`Name`,`UnitPrice`,`UseGoldID`,`IsPrint`,`TypeIndex`) VALUES (23,3,N'Dalbo Rotex Female',1,0,1,0);
INSERT INTO `RESTO_TYPE` (`ID`,`RestoPartID`,`Name`,`UnitPrice`,`UseGoldID`,`IsPrint`,`TypeIndex`) VALUES (24,3,N'ERA-Attachment',1,0,1,0);
INSERT INTO `RESTO_TYPE` (`ID`,`RestoPartID`,`Name`,`UnitPrice`,`UseGoldID`,`IsPrint`,`TypeIndex`) VALUES (25,3,N'Fraction Pin',1,0,1,0);
INSERT INTO `RESTO_TYPE` (`ID`,`RestoPartID`,`Name`,`UnitPrice`,`UseGoldID`,`IsPrint`,`TypeIndex`) VALUES (26,3,N'Key & Key',1,0,1,0);
INSERT INTO `RESTO_TYPE` (`ID`,`RestoPartID`,`Name`,`UnitPrice`,`UseGoldID`,`IsPrint`,`TypeIndex`) VALUES (27,3,N'Lattch-Attachment',1,0,1,0);
INSERT INTO `RESTO_TYPE` (`ID`,`RestoPartID`,`Name`,`UnitPrice`,`UseGoldID`,`IsPrint`,`TypeIndex`) VALUES (28,3,N'Magnetic Post',1,0,1,0);
INSERT INTO `RESTO_TYPE` (`ID`,`RestoPartID`,`Name`,`UnitPrice`,`UseGoldID`,`IsPrint`,`TypeIndex`) VALUES (29,3,N'Milling',1,0,1,0);
INSERT INTO `RESTO_TYPE` (`ID`,`RestoPartID`,`Name`,`UnitPrice`,`UseGoldID`,`IsPrint`,`TypeIndex`) VALUES (30,3,N'Mini-SG',1,0,1,0);
INSERT INTO `RESTO_TYPE` (`ID`,`RestoPartID`,`Name`,`UnitPrice`,`UseGoldID`,`IsPrint`,`TypeIndex`) VALUES (31,3,N'PD Frame (Co-Cr)',1,0,1,0);
INSERT INTO `RESTO_TYPE` (`ID`,`RestoPartID`,`Name`,`UnitPrice`,`UseGoldID`,`IsPrint`,`TypeIndex`) VALUES (32,3,N'PD Frame (Ticonium)',1,0,1,0);
INSERT INTO `RESTO_TYPE` (`ID`,`RestoPartID`,`Name`,`UnitPrice`,`UseGoldID`,`IsPrint`,`TypeIndex`) VALUES (33,3,N'PD PERform Curing',1,0,1,0);
INSERT INTO `RESTO_TYPE` (`ID`,`RestoPartID`,`Name`,`UnitPrice`,`UseGoldID`,`IsPrint`,`TypeIndex`) VALUES (34,3,N'Rebase/Repair/Relining',1,0,1,0);
INSERT INTO `RESTO_TYPE` (`ID`,`RestoPartID`,`Name`,`UnitPrice`,`UseGoldID`,`IsPrint`,`TypeIndex`) VALUES (35,3,N'Record Base',1,0,1,0);
INSERT INTO `RESTO_TYPE` (`ID`,`RestoPartID`,`Name`,`UnitPrice`,`UseGoldID`,`IsPrint`,`TypeIndex`) VALUES (36,4,N'Full Denture (Co-Cr)',1,0,1,0);
INSERT INTO `RESTO_TYPE` (`ID`,`RestoPartID`,`Name`,`UnitPrice`,`UseGoldID`,`IsPrint`,`TypeIndex`) VALUES (37,4,N'Full Denture (Resin)',1,0,1,0);
INSERT INTO `RESTO_TYPE` (`ID`,`RestoPartID`,`Name`,`UnitPrice`,`UseGoldID`,`IsPrint`,`TypeIndex`) VALUES (38,4,N'Full Denture (Ticonium)',1,0,1,0);
INSERT INTO `RESTO_TYPE` (`ID`,`RestoPartID`,`Name`,`UnitPrice`,`UseGoldID`,`IsPrint`,`TypeIndex`) VALUES (39,4,N'Full Denture PERform Curing',1,0,1,0);
INSERT INTO `RESTO_TYPE` (`ID`,`RestoPartID`,`Name`,`UnitPrice`,`UseGoldID`,`IsPrint`,`TypeIndex`) VALUES (40,4,N'Full Denture Temporary Denture',1,0,1,0);
INSERT INTO `RESTO_TYPE` (`ID`,`RestoPartID`,`Name`,`UnitPrice`,`UseGoldID`,`IsPrint`,`TypeIndex`) VALUES (41,4,N'Individual Tray',1,0,1,0);
INSERT INTO `RESTO_TYPE` (`ID`,`RestoPartID`,`Name`,`UnitPrice`,`UseGoldID`,`IsPrint`,`TypeIndex`) VALUES (42,5,N'A-Implant Crown (Screw)',1,0,1,0);
INSERT INTO `RESTO_TYPE` (`ID`,`RestoPartID`,`Name`,`UnitPrice`,`UseGoldID`,`IsPrint`,`TypeIndex`) VALUES (43,5,N'A-Implant Crown (Cement)',1,0,1,0);
INSERT INTO `RESTO_TYPE` (`ID`,`RestoPartID`,`Name`,`UnitPrice`,`UseGoldID`,`IsPrint`,`TypeIndex`) VALUES (44,5,N'Implant-Art Glass Facing',1,0,1,0);
INSERT INTO `RESTO_TYPE` (`ID`,`RestoPartID`,`Name`,`UnitPrice`,`UseGoldID`,`IsPrint`,`TypeIndex`) VALUES (45,5,N'Implant Pocelain (Srew)',1,0,1,0);
INSERT INTO `RESTO_TYPE` (`ID`,`RestoPartID`,`Name`,`UnitPrice`,`UseGoldID`,`IsPrint`,`TypeIndex`) VALUES (46,5,N'Implant Pocelain (Cement)',1,0,1,0);
INSERT INTO `RESTO_TYPE` (`ID`,`RestoPartID`,`Name`,`UnitPrice`,`UseGoldID`,`IsPrint`,`TypeIndex`) VALUES (47,5,N'PT-Implant Crown (Screw)',1,0,1,0);
INSERT INTO `RESTO_TYPE` (`ID`,`RestoPartID`,`Name`,`UnitPrice`,`UseGoldID`,`IsPrint`,`TypeIndex`) VALUES (48,5,N'PT-Implant Crown (Cement)',1,0,1,0);
INSERT INTO `RESTO_TYPE` (`ID`,`RestoPartID`,`Name`,`UnitPrice`,`UseGoldID`,`IsPrint`,`TypeIndex`) VALUES (49,5,N'SG-Implant Crown (Screw)',1,0,1,0);
INSERT INTO `RESTO_TYPE` (`ID`,`RestoPartID`,`Name`,`UnitPrice`,`UseGoldID`,`IsPrint`,`TypeIndex`) VALUES (50,5,N'SG-Implant Crown (Cement)',1,0,1,0);
INSERT INTO `RESTO_TYPE` (`ID`,`RestoPartID`,`Name`,`UnitPrice`,`UseGoldID`,`IsPrint`,`TypeIndex`) VALUES (51,5,N'Temporary Implant',1,0,1,0);
INSERT INTO `RESTO_TYPE` (`ID`,`RestoPartID`,`Name`,`UnitPrice`,`UseGoldID`,`IsPrint`,`TypeIndex`) VALUES (52,6,N'Bonnet',1,0,1,0);
INSERT INTO `RESTO_TYPE` (`ID`,`RestoPartID`,`Name`,`UnitPrice`,`UseGoldID`,`IsPrint`,`TypeIndex`) VALUES (53,6,N'thic Arch',1,0,1,0);
INSERT INTO `RESTO_TYPE` (`ID`,`RestoPartID`,`Name`,`UnitPrice`,`UseGoldID`,`IsPrint`,`TypeIndex`) VALUES (54,6,N'Konus-Art Glass Facing',1,0,1,0);
INSERT INTO `RESTO_TYPE` (`ID`,`RestoPartID`,`Name`,`UnitPrice`,`UseGoldID`,`IsPrint`,`TypeIndex`) VALUES (55,6,N'Konus (내.외관)',1,0,1,0);
INSERT INTO `RESTO_TYPE` (`ID`,`RestoPartID`,`Name`,`UnitPrice`,`UseGoldID`,`IsPrint`,`TypeIndex`) VALUES (56,6,N'Omnivac',1,0,1,0);
INSERT INTO `RESTO_TYPE` (`ID`,`RestoPartID`,`Name`,`UnitPrice`,`UseGoldID`,`IsPrint`,`TypeIndex`) VALUES (57,6,N'Resin Teeth (Biotone구치)',1,0,1,0);
INSERT INTO `RESTO_TYPE` (`ID`,`RestoPartID`,`Name`,`UnitPrice`,`UseGoldID`,`IsPrint`,`TypeIndex`) VALUES (58,6,N'Resin Teeth (Biotone전치)',1,0,1,0);
INSERT INTO `RESTO_TYPE` (`ID`,`RestoPartID`,`Name`,`UnitPrice`,`UseGoldID`,`IsPrint`,`TypeIndex`) VALUES (59,6,N'Resin Teeth (Endura구치)',1,0,1,0);
INSERT INTO `RESTO_TYPE` (`ID`,`RestoPartID`,`Name`,`UnitPrice`,`UseGoldID`,`IsPrint`,`TypeIndex`) VALUES (60,6,N'Resin Teeth (Endura전치)',1,0,1,0);
INSERT INTO `RESTO_TYPE` (`ID`,`RestoPartID`,`Name`,`UnitPrice`,`UseGoldID`,`IsPrint`,`TypeIndex`) VALUES (61,6,N'Splint',1,0,1,0);
INSERT INTO `RESTO_TYPE` (`ID`,`RestoPartID`,`Name`,`UnitPrice`,`UseGoldID`,`IsPrint`,`TypeIndex`) VALUES (62,6,N'Surgicalstant',1,0,1,0);
INSERT INTO `RESTO_TYPE` (`ID`,`RestoPartID`,`Name`,`UnitPrice`,`UseGoldID`,`IsPrint`,`TypeIndex`) VALUES (63,6,N'Temporary Crown',1,0,1,0);
INSERT INTO `RESTO_TYPE` (`ID`,`RestoPartID`,`Name`,`UnitPrice`,`UseGoldID`,`IsPrint`,`TypeIndex`) VALUES (64,6,N'Wire Temporary',1,0,1,0);
INSERT INTO `RESTO_TYPE` (`ID`,`RestoPartID`,`Name`,`UnitPrice`,`UseGoldID`,`IsPrint`,`TypeIndex`) VALUES (65,6,N'전납착',1,0,1,0);
INSERT INTO `RESTO_TYPE` (`ID`,`RestoPartID`,`Name`,`UnitPrice`,`UseGoldID`,`IsPrint`,`TypeIndex`) VALUES (66,6,N'후납착',1,0,1,0);
INSERT INTO `RESTO_MATERIAL` (`ID`,`MaterialName`,`UnitType`,`Note`) VALUES (1,N'Agr',N'박스',N'');
INSERT INTO `RESTO_MATERIAL` (`ID`,`MaterialName`,`UnitType`,`Note`) VALUES (2,N'Aluminum oxide',N'박스',N'');
INSERT INTO `RESTO_MATERIAL` (`ID`,`MaterialName`,`UnitType`,`Note`) VALUES (3,N'Biotone',N'박스',N'');
INSERT INTO `RESTO_MATERIAL` (`ID`,`MaterialName`,`UnitType`,`Note`) VALUES (4,N'CB30',N'박스',N'');
INSERT INTO `RESTO_MATERIAL` (`ID`,`MaterialName`,`UnitType`,`Note`) VALUES (5,N'Clasp Wax',N'박스',N'');
INSERT INTO `RESTO_MATERIAL` (`ID`,`MaterialName`,`UnitType`,`Note`) VALUES (6,N'Diamond  Point',N'박스',N'');
INSERT INTO `RESTO_MATERIAL` (`ID`,`MaterialName`,`UnitType`,`Note`) VALUES (7,N'Agr Flask',N'개',N'');
INSERT INTO `RESTO_MATERIAL` (`ID`,`MaterialName`,`UnitType`,`Note`) VALUES (8,N'Base Mold',N'개',N'');
INSERT INTO `RESTO_MATERIAL` (`ID`,`MaterialName`,`UnitType`,`Note`) VALUES (9,N'Bera Solder',N'개',N'');
INSERT INTO `RESTO_MATERIAL` (`ID`,`MaterialName`,`UnitType`,`Note`) VALUES (10,N'Cement Spatula',N'개',N'');
INSERT INTO `RESTO_MATERIAL` (`ID`,`MaterialName`,`UnitType`,`Note`) VALUES (11,N'Diamond Disk',N'개',N'');
INSERT INTO `RESTO_MATERIAL` (`ID`,`MaterialName`,`UnitType`,`Note`) VALUES (12,N'Diamond Disk (Horico)',N'개',N'');
INSERT INTO `RESTO_MATERIAL` (`ID`,`MaterialName`,`UnitType`,`Note`) VALUES (13,N'Diamond Dressor',N'개',N'');
INSERT INTO `PRODUCT_AUTH` (`Type`,`DataVersion`,`ExpiredDate`) VALUES (N'evaluation',6,{ts '2016-06-04 00:00:00.000'});
INSERT INTO `GOLD` (`ID`,`Name`) VALUES (1,N'PT');
INSERT INTO `GOLD` (`ID`,`Name`) VALUES (2,N'A');
INSERT INTO `GOLD` (`ID`,`Name`) VALUES (3,N'Super');
INSERT INTO `LAB_GOLD` (`ID`,`GoldID`,`UnitPrice`,`TotalAmount`,`UseAmount`,`ExhaustAmount`) VALUES (1,1,100000,0,0,0);
INSERT INTO `LAB_GOLD` (`ID`,`GoldID`,`UnitPrice`,`TotalAmount`,`UseAmount`,`ExhaustAmount`) VALUES (2,2,200000,0,0,0);
INSERT INTO `LAB_GOLD` (`ID`,`GoldID`,`UnitPrice`,`TotalAmount`,`UseAmount`,`ExhaustAmount`) VALUES (3,3,300000,0,0,0);
INSERT INTO `DENTAL_LAB` (`ID`,`LabName`,`Name`,`Phone`,`Fax`,`CellPhone`,`Email`,`RegNum`,`BizCondition`,`BizCompany`,`ZipCode`,`Address`,`BankName1`,`BankAccount1`,`BankName2`,`BankAccount2`,`BankName3`,`BankAccount3`,`DefaultAccount`,`Note`) VALUES (1,N'',N'',N'',N'',N'',N'',N'',N'',N'',N'',N'',N'',N'',N'',N'',N'',N'',0,N'');
INSERT INTO `DB_INFO` (`ID`,`BeginDate`,`EndDate`,`Note`,`FileName`,`OriginFilePath`) VALUES (1,{ts '2015-12-07 00:00:00.000'},{ts '2015-12-07 00:00:00.000'},N'',N'RaindropLabDB.sdf',N'\\Cagracuzdelronh\db공유폴더\db\Database Files\RaindropLabDB.sdf');
INSERT INTO `AUTH_GROUP` (`Name`) VALUES (N'Administrator');
INSERT INTO `LOG_INFO` (`ID`,`Password`,`Group`) VALUES (N'admin',N'1111',N'Administrator');
INSERT INTO `ACCOUNT_PART` (`ID`,`Name`,`Withdraw`) VALUES (1,N'노무비',1);
INSERT INTO `ACCOUNT_PART` (`ID`,`Name`,`Withdraw`) VALUES (2,N'재료비',1);
INSERT INTO `ACCOUNT_PART` (`ID`,`Name`,`Withdraw`) VALUES (3,N'제조경비',1);
INSERT INTO `ACCOUNT_PART` (`ID`,`Name`,`Withdraw`) VALUES (4,N'일반경비',1);
INSERT INTO `ACCOUNT_PART` (`ID`,`Name`,`Withdraw`) VALUES (5,N'주수입',0);
INSERT INTO `ACCOUNT_PART` (`ID`,`Name`,`Withdraw`) VALUES (6,N'부수입',0);
INSERT INTO `ACCOUNT_PART` (`ID`,`Name`,`Withdraw`) VALUES (7,N'전월이월',0);
INSERT INTO `ACCOUNT_TYPE` (`ID`,`PartID`,`Name`) VALUES (1,7,N'미수금 입금');
INSERT INTO `ACCOUNT_TYPE` (`ID`,`PartID`,`Name`) VALUES (2,6,N'타기공소 기공물');
INSERT INTO `ACCOUNT_TYPE` (`ID`,`PartID`,`Name`) VALUES (3,5,N'치과 기공물');
INSERT INTO `ACCOUNT_TYPE` (`ID`,`PartID`,`Name`) VALUES (4,4,N'인쇄비');
INSERT INTO `ACCOUNT_TYPE` (`ID`,`PartID`,`Name`) VALUES (5,1,N'직원급여');
INSERT INTO `ACCOUNT_TYPE` (`ID`,`PartID`,`Name`) VALUES (6,2,N'재료구입비');
INSERT INTO `ACCOUNT_TYPE` (`ID`,`PartID`,`Name`) VALUES (7,3,N'복리후생비');
INSERT INTO `ACCOUNT_TYPE` (`ID`,`PartID`,`Name`) VALUES (8,3,N'전력비');
INSERT INTO `ACCOUNT_TYPE` (`ID`,`PartID`,`Name`) VALUES (9,3,N'수고광열비');
INSERT INTO `ACCOUNT_TYPE` (`ID`,`PartID`,`Name`) VALUES (10,3,N'세금, 공과금');
INSERT INTO `ACCOUNT_TYPE` (`ID`,`PartID`,`Name`) VALUES (11,3,N'전화료');
INSERT INTO `ACCOUNT_TYPE` (`ID`,`PartID`,`Name`) VALUES (12,3,N'수선비');
INSERT INTO `ACCOUNT_TYPE` (`ID`,`PartID`,`Name`) VALUES (13,3,N'외주가공비');
INSERT INTO `ACCOUNT_TYPE` (`ID`,`PartID`,`Name`) VALUES (14,3,N'교통비');
INSERT INTO `ACCOUNT_TYPE` (`ID`,`PartID`,`Name`) VALUES (15,3,N'차량유지비');
INSERT INTO `ACCOUNT_TYPE` (`ID`,`PartID`,`Name`) VALUES (16,3,N'광고선전비');
INSERT INTO `ACCOUNT_TYPE` (`ID`,`PartID`,`Name`) VALUES (17,3,N'접대비');
INSERT INTO `ACCOUNT_TYPE` (`ID`,`PartID`,`Name`) VALUES (18,3,N'감가상각비');
INSERT INTO `ACCOUNT_TYPE` (`ID`,`PartID`,`Name`) VALUES (19,3,N'건물임차료');
INSERT INTO `ACCOUNT_TYPE` (`ID`,`PartID`,`Name`) VALUES (20,3,N'기타잡비');
INSERT INTO `ACCOUNT_TYPE` (`ID`,`PartID`,`Name`) VALUES (21,4,N'여비교통비');
INSERT INTO `ACCOUNT_TYPE` (`ID`,`PartID`,`Name`) VALUES (22,4,N'협회비');
INSERT INTO `ACCOUNT_TYPE` (`ID`,`PartID`,`Name`) VALUES (23,4,N'포장비');
INSERT INTO `ACCOUNT_TYPE` (`ID`,`PartID`,`Name`) VALUES (24,4,N'운반비');
INSERT INTO `ACCOUNT_TYPE` (`ID`,`PartID`,`Name`) VALUES (25,4,N'개원축의금');
INSERT INTO `ACCOUNT_TYPE` (`ID`,`PartID`,`Name`) VALUES (26,4,N'사무용품비');
INSERT INTO `ACCOUNT_TYPE` (`ID`,`PartID`,`Name`) VALUES (27,4,N'기술개발비');
INSERT INTO `ACCOUNT_TYPE` (`ID`,`PartID`,`Name`) VALUES (28,4,N'통신비');
INSERT INTO `ACCOUNT_TYPE` (`ID`,`PartID`,`Name`) VALUES (29,4,N'구독료');
INSERT INTO `ACCOUNT_TYPE` (`ID`,`PartID`,`Name`) VALUES (30,4,N'접대비');
INSERT INTO `ACCOUNT_TYPE` (`ID`,`PartID`,`Name`) VALUES (31,4,N'오물수거비');
INSERT INTO `ACCOUNT_TYPE` (`ID`,`PartID`,`Name`) VALUES (32,4,N'가스비');
INSERT INTO `ACCOUNT_TYPE` (`ID`,`PartID`,`Name`) VALUES (33,4,N'보험료');
INSERT INTO `ACCOUNT_TYPE` (`ID`,`PartID`,`Name`) VALUES (34,4,N'기타잡비');
CREATE INDEX `IdxCustID_Reception` ON `RECEPTION` (`CustID` ASC);
CREATE INDEX `IdxDueDate_Reception` ON `RECEPTION` (`DueDate` ASC);
CREATE INDEX `IdxRestoBillID_Reception` ON `RECEPTION` (`RestoBillID` ASC);
CREATE INDEX `IdxWorkState_Reception` ON `RECEPTION` (`WorkState` ASC);
CREATE INDEX `IdxGoldID_RestoWork` ON `RESTO_WORK` (`GoldID` ASC);
CREATE INDEX `IdxReceID_RestoWork` ON `RESTO_WORK` (`ReceID` ASC);
CREATE INDEX `IdxRestoID_RestoWork` ON `RESTO_WORK` (`RestoID` ASC);
ALTER TABLE `RESTO_TYPE` ADD CONSTRAINT `FK_RESTO_PART_ID_BY_TYPE` FOREIGN KEY (`RestoPartID`) REFERENCES `RESTO_PART`(`ID`) ON DELETE NO ACTION ON UPDATE NO ACTION;
ALTER TABLE `LAB_MEMBER` ADD CONSTRAINT `FK_RESTO_PART_ID_BY_LAB_MEMBER` FOREIGN KEY (`RestoPartID`) REFERENCES `RESTO_PART`(`ID`) ON DELETE NO ACTION ON UPDATE NO ACTION;
ALTER TABLE `LAB_GOLD` ADD CONSTRAINT `FK_GOLD_ID_BY_LAB_LD` FOREIGN KEY (`GoldID`) REFERENCES `GOLD`(`ID`) ON DELETE NO ACTION ON UPDATE NO ACTION;
ALTER TABLE `TAX_BILL` ADD CONSTRAINT `FK_CUST_ID_BY_TAX_BILL` FOREIGN KEY (`CustID`) REFERENCES `CUSTOMER`(`ID`) ON DELETE NO ACTION ON UPDATE CASCADE;
ALTER TABLE `SALES_PURCHASE_MONTHLY` ADD CONSTRAINT `FK_CUSTID_BY_SALES_PURCHASE_MONTH` FOREIGN KEY (`CustID`) REFERENCES `CUSTOMER`(`ID`) ON DELETE NO ACTION ON UPDATE CASCADE;
ALTER TABLE `RESTO_MATERIAL_PURCHASE` ADD CONSTRAINT `FK_CUST_ID_BY_CUSTOMER1` FOREIGN KEY (`CustID`) REFERENCES `CUSTOMER`(`ID`) ON DELETE NO ACTION ON UPDATE CASCADE;
ALTER TABLE `RESTO_MATERIAL_PURCHASE` ADD CONSTRAINT `FK_MATERIAL_ID_BY_RESTO_MATERIAL` FOREIGN KEY (`MaterialID`) REFERENCES `RESTO_MATERIAL`(`ID`) ON DELETE NO ACTION ON UPDATE CASCADE;
ALTER TABLE `RESTO_BILL` ADD CONSTRAINT `FK_CUST_ID_BY_RESTO_BILL` FOREIGN KEY (`CustID`) REFERENCES `CUSTOMER`(`ID`) ON DELETE NO ACTION ON UPDATE CASCADE;
ALTER TABLE `RECEPTION` ADD CONSTRAINT `FK_CUST_ID_BY_RECE` FOREIGN KEY (`CustID`) REFERENCES `CUSTOMER`(`ID`) ON DELETE NO ACTION ON UPDATE CASCADE;
ALTER TABLE `RESTO_WORK` ADD CONSTRAINT `FK_MEMBER_ID_BY_WORK` FOREIGN KEY (`MemberID`) REFERENCES `LAB_MEMBER`(`ID`) ON DELETE NO ACTION ON UPDATE NO ACTION;
ALTER TABLE `RESTO_WORK` ADD CONSTRAINT `FK_RECE_ID_BY_WORK` FOREIGN KEY (`ReceID`) REFERENCES `RECEPTION`(`ID`) ON DELETE NO ACTION ON UPDATE NO ACTION;
ALTER TABLE `RESTO_WORK` ADD CONSTRAINT `FK_RESTO_TYPE_ID_BY_WORK` FOREIGN KEY (`RestoID`) REFERENCES `RESTO_TYPE`(`ID`) ON DELETE NO ACTION ON UPDATE NO ACTION;
ALTER TABLE `RECEPTION_FILE` ADD CONSTRAINT `FK_RECE_ID_BY_FILE` FOREIGN KEY (`ReceID`) REFERENCES `RECEPTION`(`ID`) ON DELETE NO ACTION ON UPDATE NO ACTION;
ALTER TABLE `GOLD_PURCHASE` ADD CONSTRAINT `FK_CUST_ID_BY_CUSTOMER` FOREIGN KEY (`CustID`) REFERENCES `CUSTOMER`(`ID`) ON DELETE NO ACTION ON UPDATE CASCADE;
ALTER TABLE `GOLD_PURCHASE` ADD CONSTRAINT `FK_GOLD_ID_BY_RESTO_MATERIAL` FOREIGN KEY (`GoldID`) REFERENCES `GOLD`(`ID`) ON DELETE NO ACTION ON UPDATE CASCADE;
ALTER TABLE `DENTIST_RESTO` ADD CONSTRAINT `FK_CUST_ID_BY_DENT_RESTO` FOREIGN KEY (`CustID`) REFERENCES `CUSTOMER`(`ID`) ON DELETE NO ACTION ON UPDATE CASCADE;
ALTER TABLE `DENTIST_RESTO` ADD CONSTRAINT `FK_RESTO_TYPE_ID_BY_DENT_RESTO` FOREIGN KEY (`RestoID`) REFERENCES `RESTO_TYPE`(`ID`) ON DELETE NO ACTION ON UPDATE NO ACTION;
ALTER TABLE `DENTIST_GOLD_STOCK` ADD CONSTRAINT `FK_CUST_ID_BY_DENT_GOLD_STOCK` FOREIGN KEY (`CustID`) REFERENCES `CUSTOMER`(`ID`) ON DELETE NO ACTION ON UPDATE CASCADE;
ALTER TABLE `DENTIST_GOLD_STOCK` ADD CONSTRAINT `FK_GOLD_ID_BY_DENT_GOLD_STOCK` FOREIGN KEY (`GoldID`) REFERENCES `GOLD`(`ID`) ON DELETE NO ACTION ON UPDATE NO ACTION;
ALTER TABLE `DENTIST_GOLD` ADD CONSTRAINT `FK_CUST_ID_BY_DENT_GOLD` FOREIGN KEY (`CustID`) REFERENCES `CUSTOMER`(`ID`) ON DELETE NO ACTION ON UPDATE CASCADE;
ALTER TABLE `DENTIST_GOLD` ADD CONSTRAINT `FK_GOLD_ID_BY_DENT_GOLD` FOREIGN KEY (`GoldID`) REFERENCES `GOLD`(`ID`) ON DELETE NO ACTION ON UPDATE NO ACTION;
ALTER TABLE `LOG_INFO` ADD CONSTRAINT `FK_LOG_INFO_GROUP_BY_AUTH_GROUP` FOREIGN KEY (`Group`) REFERENCES `AUTH_GROUP`(`Name`) ON DELETE NO ACTION ON UPDATE CASCADE;
ALTER TABLE `AUTH_ENABLE` ADD CONSTRAINT `FK_AUTH_ENABLE_GROUP_BY_AUTH_GROUP` FOREIGN KEY (`Group`) REFERENCES `AUTH_GROUP`(`Name`) ON DELETE NO ACTION ON UPDATE CASCADE;
ALTER TABLE `ACCOUNT_TYPE` ADD CONSTRAINT `FK_ACCOUNT_TYPE_PARTID_BY_ACOUNT_PART_ID` FOREIGN KEY (`PartID`) REFERENCES `ACCOUNT_PART`(`ID`) ON DELETE NO ACTION ON UPDATE CASCADE;
ALTER TABLE `ACCOUNT_MONEY` ADD CONSTRAINT `FK_ACCOUNT_MONEY_ACCOUNTTYPEID_ACCOUNT_TYPE_ID` FOREIGN KEY (`CategoryID`) REFERENCES `ACCOUNT_TYPE`(`ID`) ON DELETE NO ACTION ON UPDATE CASCADE;
CREATE TABLE `ETAX_INFO`(   `ID` INT NOT NULL PRIMARY KEY AUTO_INCREMENT,   `CustID` INT NOT NULL,   `MgtKey` NVARCHAR(20) NOT NULL,   `CorpNum` NVARCHAR(20) NOT NULL,     `WriteDate` DATETIME NOT NULL,   `PublishDate` DATETIME NOT NULL,   `UnpaidPrice` DECIMAL(15,2) NOT NULL DEFAULT 0,   `PayPrice` DECIMAL(15,2) NOT NULL DEFAULT 0,   `TaxPrice` DECIMAL(15,2) NOT NULL DEFAULT 0,   `Note` TEXT NOT NULL);
alter table ETAX_INFO AUTO_INCREMENT=1;
ALTER TABLE `ETAX_INFO` ADD CONSTRAINT `FK_CUST_ID_BY_ETAX_INFO` FOREIGN KEY (`CustID`)   REFERENCES `CUSTOMER` (`ID`) ON DELETE NO ACTION ON UPDATE CASCADE;
CREATE TABLE `ETAX_ACCOUNT`(   `ID` INT NOT NULL PRIMARY KEY AUTO_INCREMENT,   `ETaxID` nvarchar(50) NOT NULL,   `ETaxPW` nvarchar(50) NOT NULL);
alter table ETAX_ACCOUNT AUTO_INCREMENT=1;
ALTER TABLE `DENTAL_LAB` ADD BSBCode1 nvarchar(20) NULL;
ALTER TABLE `DENTAL_LAB` ADD BSBCode2 nvarchar(20) NULL;
ALTER TABLE `DENTAL_LAB` ADD BSBCode3 nvarchar(20) NULL;
ALTER TABLE `DENTAL_LAB` ADD AccountName nvarchar(50) NULL;